plan,segment,type,statut,texte,texte2,source,faits,poids,params
P001,S01,date,FAIT,"15 avril 2011, vers 16 h",Roquebrune-sur-Argens (Var),"20 Minutes, 03/04/2018",15/04/2011,0.8,"{""precision"": ""heure"", ""anim"": ""revele""}"
P002,S01,carte,FAIT,Le dernier point officiel,,"Le Télégramme, 15/04/2013",15/04/2011,1,"{""points"": [{""lon"": 6.6378, ""lat"": 43.4436, ""label"": ""Roquebrune-sur-Argens"", ""date"": ""15 avril 2011"", ""cote"": ""droite""}], ""bbox"": [3.3, 42.7, 7.9, 45.0], ""trajet"": false}"
P003,S01,texte,FAIT,"Il gare sa voiture sur le parking, puis repart à pied. Dernière trace officielle.",LE 15 AVRIL 2011,"20 Minutes, 03/04/2018 ; Le Télégramme, 15/04/2013",15/04/2011,1,
P004,S01,question,,"Mort, ou en fuite ?",LA QUESTION,,,1,
P005,-,titre,,Mort ou en fuite ?,L’hypothèse de la chaîne,,,1,"{""numero"": ""04"", ""duree"": 3}"
P006,-,avertissement,,"Faits, témoignages, reconstitutions de l’enquête et hypothèses sont signalés à l’écran. Xavier Dupont de Ligonnès n’a jamais été jugé.",,,,1,"{""duree"": 4}"
P007,S02,chapitre,,Ce qui est établi,,,,0.6,"{""numero"": ""1""}"
P008,S02,texte,FAIT,Soupçonné d’avoir tué sa femme et leurs quatre enfants. Jamais jugé.,PRÉSOMPTION D’INNOCENCE,"La Dépêche du Midi, 06/03/2026",avril 2011,1.2,
P009,S02,date,FAIT,10 mai 2011,Mandat d’arrêt international,"La Dépêche du Midi, 10/05/2011",10/05/2011,0.8,"{""precision"": ""jour""}"
P010,S03,date,TEMOIGNAGE,11 avril 2011,Les courriers arrivent à leurs destinataires,"DNA, 23/04/2011",11/04/2011,0.8,"{""precision"": ""jour""}"
P011,S03,document,TEMOIGNAGE,"Deux récits de départ, selon le destinataire","Un établissement scolaire et l’employeur d’Agnès : un départ pour l’Australie | Les proches : une protection américaine, et la consigne de faire croire à l’Australie | Courriers attribués à Xavier Dupont de Ligonnès, connus par des extraits publiés","Europe 1, 05/05/2011 ; DNA, 23/04/2011",avril 2011,1.6,"{""anim"": ""revele""}"
P012,S04,date,FAIT,Juin 2011,"Autour du rocher de Roquebrune, puis dans un cercle de 12 à 15 km","Le Parisien, 23/06/2011",juin 2011,1,"{""precision"": ""mois""}"
P013,S04,texte,FAIT,"2012, 2013 : nouvelles fouilles dans des grottes et dans le massif des Maures. Sans résultat.",LES RECHERCHES,"Le Parisien, 25/11/2012 ; La Dépêche du Midi, 02/05/2013",2012-2013,1,
P014,S04,citation,TEMOIGNAGE,Chaque centimètre carré de terrain n’a pas pu être étudié,"Xavier Ronsin, ancien procureur de Nantes, à l’AFP (2021)","La Dépêche du Midi, 06/03/2026",2021,1.1,
P015,S05,frise,,Quinze ans de signalements,,,,1,"{""jusqua"": 2026.8, ""focus"": [2011.3, 2026.8], ""curseur"": 2026.42}"
P016,S05,document,FAIT,Signalements vérifiés : chaque chiffre avec sa date et sa source,"Mars 2013 : plus de 700 (parquet de Nantes, cité par Le Télégramme) | Mars 2024 : plus de 1 750 (communiqué du procureur, La Dépêche du Midi) | Juin 2026 : plus de 1 850 (Le Parisien)","Le Télégramme, 15/04/2013 ; La Dépêche du Midi, 22/03/2024 ; Le Parisien, 02/06/2026",2013-2026,1.6,"{""anim"": ""revele""}"
P017,S05,citation,FAIT,Jusqu’ici sans succès,"Antoine Leroy, procureur de la République de Nantes","Le Parisien, 02/06/2026",juin 2026,0.9,
P018,S06,texte,FAIT,"Octobre 2019, Écosse : une fausse identification, démentie le lendemain par une comparaison ADN.",PISTE ÉCARTÉE,"Le Parisien, 12/10/2019",11-12/10/2019,1,
P019,S06,date,FAIT,15 avril 2024,Doubs : les deux profils ADN ne correspondent pas,"Le Progrès, 15/04/2024",15/04/2024,0.9,"{""precision"": ""jour""}"
P020,S06,texte,FAIT,L’enquête n’a pas permis de déterminer s’il était mort ou en fuite.,OÙ EN EST L’ENQUÊTE,"franceinfo, 26/03/2026",mars 2026,1.1,
P021,S07,citation,FAIT,La piste du suicide ou la piste de la fuite en France ou à l’étranger,"Yves Gambert, procureur adjoint de Nantes, cité par Le Télégramme","Le Télégramme, 15/04/2013",30/03/2013,1.2,
P022,S07,texte,HYPOTHESE,"A. Un décès après la disparition · B. Une fuite durable à l’étranger · C. Une vie cachée, plus près",TROIS SCÉNARIOS EXAMINÉS,,,1,
P023,S08,chapitre,,Scénario A : un décès après la disparition,,,,0.6,"{""numero"": ""2""}"
P024,S08,citation,HYPOTHESE,L’hypothèse la plus probable,"Xavier Ronsin, alors procureur de Nantes, sur le suicide (septembre 2011)","Le Point (Reuters), 03/09/2011",03/09/2011,1,
P025,S08,citation,HYPOTHESE,C’est une conviction mais on en sera sûr le jour où on découvrira son corps,"Brigitte Lamy, alors procureure de Nantes (mars 2013)","Le Télégramme, 15/04/2013",mars 2013,1.3,
P026,S09,citation,HYPOTHESE,"L’hypothèse la plus probable, c’est qu’il est mort","Jean-Paul Le Tensorer, ancien chef de la police judiciaire de Rennes, sur RTL","RTL, 13/04/2022",avril 2022,1.2,
P027,S09,texte,HYPOTHESE,Il admet qu’on n’aura peut-être jamais la solution.,"UNE CONVICTION, PAS UNE PREUVE","RTL, 13/04/2022",avril 2022,0.8,
P028,S10,texte,FAIT,Depuis le 15 avril 2011 : aucune trace authentifiée.,CE QUI APPUIE LE SCÉNARIO A,"Le Télégramme, 15/04/2013 ; franceinfo, 26/03/2026",2011-2026,0.8,
P029,S10,texte,RECONSTRUCTION,"Aéroports, gares, préfectures : aucun faux papier établi. Comptes bancaires : aucune réserve cachée.",SELON LE PARISIEN (2012),"Le Parisien, 25/11/2012",2011-2012,1.2,
P030,S11,texte,FAIT,"Aucun corps, aucun reste identifié.",CE QUI S’Y OPPOSE,"Le Parisien, 02/03/2026",2011-2026,0.8,
P031,S11,citation,HYPOTHESE,Pourquoi organiser ça pour se suicider ?,"Titre de l’entretien d’Anne-Sophie Martin, journaliste, sur RTL","RTL, 02/06/2026",02/06/2026,0.9,
P032,S11,document,HYPOTHESE,Scénario A : un décès après la disparition,Appuis : aucune trace authentifiée ; pistes de survie écartées ; ni faux papiers ni réserve d’argent établis | Objections : aucun corps ; une préparation méthodique | Confirmerait : des restes identifiés | Infirmerait : une trace authentifiée après le 15 avril 2011,"Les Mystères d’Akeb, 01/10/2026",2011-2026,1.6,"{""anim"": ""revele""}"
P033,S12,chapitre,,Scénario B : une fuite durable à l’étranger,,,,0.6,"{""numero"": ""3""}"
P034,S12,texte,HYPOTHESE,"Bruno de Stabenrath, ami depuis l’adolescence : « polyglotte », il « sait modifier son apparence ». Il pense plutôt à l’Australie.",SA CONVICTION EN 2021,"20 Minutes, 02/04/2021",avril 2021,1.2,
P035,S12,citation,HYPOTHESE,Il n’a pas préparé tout ça pour mourir,"Bruno de Stabenrath, dans 20 Minutes","20 Minutes, 02/04/2021",avril 2021,0.9,
P036,S13,texte,HYPOTHESE,"Gilles Galloux, ancien enquêteur cyber du dossier en 2011 : un livre, en février 2026, en faveur de la survie. Livre non lu.","SA THÈSE, D’APRÈS LA PRESSE","Le Parisien, 19/02/2026",février 2026,1.1,
P037,S13,citation,HYPOTHESE,Il connaît déjà sa destination finale,"Gilles Galloux, sur RTL","RTL, 20/02/2026",20/02/2026,0.9,
P038,S14,date,TEMOIGNAGE,25 mars 2026,Comté de Brewster (Texas) : appel à informations,"franceinfo, 26/03/2026",25/03/2026,0.8,"{""precision"": ""jour""}"
P039,S14,texte,FAIT,"Le lendemain, le shérif : aucune observation confirmée, aucun élément nouveau.",MISE AU POINT,"First Alert 7, 25/03/2026",26/03/2026,1,
P040,S14,texte,FAIT,"À l’origine : une équipe privée de journalistes, avec un ancien enquêteur du dossier. Le procureur de Nantes n’avait pas été informé.",CONTEXTE,"First Alert 7, 25/03/2026 ; franceinfo, 26/03/2026",mars 2026,1.2,
P041,S15,texte,RECONSTRUCTION,Un appel à informations n’est pas une observation confirmée.,À NOTER,,,0.8,
P042,S15,citation,FAIT,Rien ne permet de donner judiciairement du crédit à cette version,"Renaud Gaudeul, alors procureur de Nantes, sur la thèse de la sœur du suspect","La Dépêche du Midi, 22/03/2024",22/03/2024,1.2,
P043,S16,texte,FAIT,"En quinze ans, aucune trace authentifiée à l’étranger. Au dossier : son ADN et une empreinte digitale.",CE QUI S’Y OPPOSE,"RTL, 13/04/2022",2011-2026,1,
P044,S16,citation,HYPOTHESE,Il est connu là-bas.,"Anne-Sophie Martin, sur la piste américaine","RTL, 02/06/2026",02/06/2026,0.7,
P045,S16,document,HYPOTHESE,Scénario B : une fuite durable à l’étranger,"Appuis : une préparation documentée ; des convictions de proches et d’un ancien enquêteur | Objections : aucune trace authentifiée hors de France ; un appel texan sans confirmation | Suppose : papiers, argent, frontières franchies sous mandat, peut-être une aide (rien de documenté) | Renforcerait : ADN, empreinte ou document authentifié hors de France","Les Mystères d’Akeb, 01/10/2026",2011-2026,1.6,"{""anim"": ""revele""}"
P046,S17,chapitre,,"Scénario C : une vie cachée, plus près",,,,0.6,"{""numero"": ""4""}"
P047,S17,citation,HYPOTHESE,"Orchestrée, organisée, anticipée","Anne-Sophie Martin, journaliste, sur RTL","RTL, 02/06/2026",02/06/2026,1,
P048,S17,texte,HYPOTHESE,Elle pense qu’il a refait sa vie. Où ? L’entretien ne le dit pas.,ANNE-SOPHIE MARTIN,"RTL, 02/06/2026",02/06/2026,0.8,
P049,S18,date,FAIT,1er juin 2026,Ouest-France publie son enquête sur « Epsilon »,"Le Parisien, 02/06/2026",01/06/2026,0.8,"{""precision"": ""jour""}"
P050,S18,texte,TEMOIGNAGE,"Un compte de forum catholique créé le 2 juillet 2010, actif jusqu’en 2017. Un style d’écriture jugé proche, selon Ouest-France.",LA PISTE EPSILON,"Le Parisien, 02/06/2026",2010-2017,1.2,
P051,S18,texte,FAIT,Le parquet de Nantes annonce des vérifications.,JUIN 2026,"Le Dauphiné Libéré, 04/06/2026",03/06/2026,0.8,
P052,S19,texte,FAIT,Compte créé avant la disparition. Attribution non établie.,CE QUE CELA NE PROUVE PAS,"Le Parisien, 02/06/2026",02/07/2010,0.9,
P053,S19,texte,,Au 1er octobre 2026 : aucun résultat public des vérifications trouvé.,"CONSTAT DE RECHERCHE, NON DÉFINITIF","Les Mystères d’Akeb, 01/10/2026",01/10/2026,0.9,
P054,S19,texte,FAIT,"Juin 2026, sur M6 : un faux prêtre ; la chaîne établit ensuite un faux témoignage.",FAUX TÉMOIGNAGE,"Le Parisien, 03/06/2026",02-03/06/2026,1,
P055,S20,texte,HYPOTHESE,Quinze ans à proximité sans identification : fausse identité ou protection durable ? Aucune source n’en documente.,CE QUI S’Y OPPOSE,,,1,
P056,S20,document,HYPOTHESE,"Scénario C : une vie cachée, plus près","Appuis : une disparition organisée ; la piste Epsilon en cours de vérification | Objections : signalements vérifiés sans succès ; des photos diffusées par Interpol | Suppose : fausse identité ou protection durable, peut-être des complices (rien de documenté) | Renforcerait : des messages postérieurs à 2011 formellement attribués","Les Mystères d’Akeb, 01/10/2026",2011-2026,1.6,"{""anim"": ""revele""}"
P057,S21,chapitre,,L’hypothèse de la chaîne,,,,0.6,"{""numero"": ""5""}"
P058,S21,texte,HYPOTHESE,"Un décès survenu après la disparition d’avril 2011 me paraît plus plausible qu’une fuite durable, à l’étranger ou plus près ; ni l’un ni l’autre n’est démontré.",HYPOTHÈSE DE LA CHAÎNE — PAS UN FAIT,"Les Mystères d’Akeb, 01/10/2026",,2,"{""anim"": ""fixe""}"
P059,S21,texte,HYPOTHESE,"Ni date, ni lieu, ni circonstances.",CE QUE JE NE PEUX PAS DIRE,,,0.8,
P060,S22,frise,,Quinze ans sans trace authentifiée,,,,1.1,"{""jusqua"": 2026.8, ""focus"": [2011.3, 2026.8], ""curseur"": 2026.75}"
P061,S22,texte,HYPOTHESE,"Mandat international, photos diffusées, ADN et empreinte au dossier, plus de 1 850 signalements vérifiés (juin 2026) : rien d’authentifié.",RAISON 1 : LA FORME DU SILENCE,"Le Parisien, 02/06/2026 ; RTL, 13/04/2022",2011-2026,1.3,
P062,S22,texte,HYPOTHESE,"Un vivant doit échapper à toute identification, chaque jour. Des restes peuvent rester introuvables dans un terrain jamais fouillé entièrement.",DEUX SILENCES QUI NE PÈSENT PAS PAREIL,"La Dépêche du Midi, 06/03/2026",,1.2,
P063,S23,document,HYPOTHESE,Raison 2 : le nombre de conditions,"Survie durable : identité de rechange, argent, abri, peut-être des complices — aucune établie | Décès : des restes non retrouvés","Les Mystères d’Akeb, 01/10/2026",,1.4,"{""anim"": ""revele""}"
P064,S23,texte,HYPOTHESE,"Décès : une seule condition, que les restes n’aient pas été retrouvés.",RAISON 2,,,0.9,
P065,S23,texte,HYPOTHESE,Deux procureurs et un ancien chef de la PJ ont penché pour un décès. Des convictions ne sont pas des preuves.,"RAISON 3, ET SA LIMITE",,,1.1,
P066,S24,texte,HYPOTHESE,"Pas de corps, malgré les fouilles. Une préparation méthodique.",LES ARGUMENTS CONTRAIRES,,,1,
P067,S24,texte,RECONSTRUCTION,Des bijoux de valeur d’Agnès disparus : de quoi financer un temps une cavale.,SELON LE PARISIEN (2012),"Le Parisien, 25/11/2012",2011-2012,1,
P068,S24,texte,HYPOTHESE,"Le suicide, une fausse piste semée par lui ? C’est l’avis de certains enquêteurs, selon Le Parisien.",SELON LE PARISIEN (2026),"Le Parisien, 02/03/2026",,1,
P069,S24,document,HYPOTHESE,Les arguments contraires,"Pas de corps, malgré les fouilles | Une préparation lue comme un projet de survie (Stabenrath, Martin, Galloux) | Des bijoux de valeur disparus (Le Parisien, 2012) | La piste du suicide, peut-être une fausse piste semée, selon certains enquêteurs (Le Parisien, 2026)","Le Parisien, 25/11/2012 ; Le Parisien, 02/03/2026",2011-2026,1.8,"{""anim"": ""revele""}"
P070,S25,texte,HYPOTHESE,Le silence vaut dans les deux sens.,GARDE-FOU,,,0.7,
P071,S25,texte,HYPOTHESE,Quinze ans sans trace pèsent contre la survie ; quinze ans sans corps pèsent contre le décès.,LA MEILLEURE OBJECTION,,,1,
P072,S25,document,HYPOTHESE,Ce qui changerait l’analyse,"Une trace authentifiée postérieure au 15 avril 2011 | Une correspondance d’ADN ou d’empreinte | Des messages postérieurs à 2011, comme ceux d’Epsilon, formellement attribués | À l’inverse : des restes identifiés","Les Mystères d’Akeb, 01/10/2026",,1.5,"{""anim"": ""revele""}"
P073,S26,livre,FICTION,"La dernière correction | Un roman d’Akeb | Personnages inventés, dénouement imaginé",,,,1.1,
P074,S26,livre,FICTION,Le roman n’apporte aucune réponse à l’affaire réelle | En e-book ou en livre audio | Liens dans la description,,,,1,
P075,S27,texte,,"Une erreur factuelle ? Signalez-la en commentaire, avec sa source. Corrections regroupées dans le commentaire épinglé.",CORRECTIONS,,,1,
P076,S27,question,,"Quel élément public pèse aujourd’hui le plus, dans un sens ou dans l’autre ?",À VOUS,,,1,
P077,S28,texte,,"Agnès, Arthur, Thomas, Anne et Benoît.",EN MÉMOIRE,,,1,"{""anim"": ""fixe""}"
P078,S28,sources,,Sources principales,"Le Télégramme, 15/04/2013 | Le Parisien, 25/11/2012 | 20 Minutes, 02/04/2021 | RTL, 13/04/2022 | La Dépêche du Midi, 22/03/2024 | Le Progrès, 15/04/2024 | RTL, 20/02/2026 | First Alert 7, 25/03/2026 | franceinfo, 26/03/2026 | Le Parisien, 02/06/2026 | RTL, 02/06/2026 | Le Dauphiné Libéré, 04/06/2026",,,1,
P079,S28,texte,,"D’autres disparitions, d’autres zones d’ombre. La même méthode.",LES MYSTÈRES D’AKEB,,,0.8,
