type,url,titre,chaine,url_chaine,date_publication,duree,sujet_principal,langue,date_controle,confirme_par_lecture_page,notes
video,https://www.youtube.com/watch?v=Fa7k6oEUkx4,XAVIER DUPONT DE LIGONNÈS : Où est-il ?,Lili Raconte...,,2026-09-08,70 min 56 s,,fr,2026-10-01,True,repéré par Codex (youtube_pistes_2024_2026_codex.json)
video,https://www.youtube.com/watch?v=SJYuUck4fVs,Xavier Dupont de Ligonnès : l'enquête XXL,C dans l'air / France Télévisions,,2026-08-29,,,fr,2026-10-01,True,repéré par Codex (youtube_apports_codex.json)
video,https://www.youtube.com/watch?v=KOf4qgq1XHw,Affaire Dupont de Ligonnès : l'histoire de celle dont on ne parle plus,Ouest-France,,2026-08-02,,,fr,2026-10-01,True,repéré par Codex (youtube_apports_codex.json)
video,https://www.youtube.com/watch?v=vNE0Rx2w9sk,"Dupont de Ligonnès : M6, piégée par le faux témoignage d'un prétendu prêtre, présente ses « excuses »",Europe 1,,2026-06-03,,,fr,2026-10-01,True,repéré par Codex (youtube_apports_codex.json)
video,https://www.youtube.com/watch?v=YcUTQJajaLs,Affaire Dupont de Ligonnès : l'évêque de Carcassonne dément les propos d'un prétendu prêtre sur M6,Europe 1,,2026-06-03,,,fr,2026-10-01,True,repéré par Codex (youtube_apports_codex.json)
video,https://www.youtube.com/watch?v=yCzsRDKpObo,"Affaire Dupont de Ligonnès sur M6 : ""Tout paraissait fumeux"" (Gilles Galloux)",Europe 1,,2026-06-03,,,fr,2026-10-01,True,repéré par Codex (youtube_apports_codex.json)
video,https://www.youtube.com/watch?v=O901Pxl1aDw,Affaire Dupont de Ligonnès : “J’ai trouvé la réponse à son énigme” (Gilles Galloux),Europe 1,,2026-06-03,15 min 30 s,,fr,2026-10-01,True,repéré par Codex (youtube_pistes_2024_2026_codex.json)
video,https://www.youtube.com/watch?v=U7MtfH3TUpY,"Affaire Dupont de Ligonnès : l’énigme du compte Epsilon, actif jusqu’en 2017 sur un forum religieux",Ouest-France,,2026-06-02,,,fr,2026-10-01,True,repéré par Codex (youtube_apports_codex.json)
video,https://www.youtube.com/watch?v=FcjjKpvfW5M,XAVIER DUPONT DE LIGONNÈS : L'ENQUÊTEUR QUI LE TRAQUE DEPUIS 15 ANS FAIT 3 RÉVÉLATIONS INCROYABLES !,LEGEND,,2026-05-17,,,fr,2026-10-01,True,repéré par Codex (youtube_apports_codex.json)
video,https://www.youtube.com/watch?v=MgnakYMJ95I,Histoires criminelles - Xavier Dupont de Ligonnès 15 ans de mystère｜LCI,LCI,,2026-05-17,52 min 41 s,,fr,2026-10-01,True,repéré par Codex (youtube_pistes_2024_2026_codex.json)
video,https://www.youtube.com/watch?v=RHxku3l8DwE,"XAVIER DUPONT DE LIGONNÈS : SECTE, FUITE AUX USA, CAVALE… LES RÉVÉLATIONS DE SON MEILLEUR AMI",LEGEND,,2026-04-14,,,fr,2026-10-01,True,repéré par Codex (youtube_apports_codex.json)
video,https://www.youtube.com/watch?v=g82Qa73OKrg,Affaire Dupont de Ligonnès : elle a enquêté pendant 15 ans…et raconte ce qu’elle a vu,TF1 INFO,,2026-04-07,,,fr,2026-10-01,True,repéré par Codex (youtube_apports_codex.json)
video,https://www.youtube.com/watch?v=L-DBCx5Yb9w,Xavier Dupont de Ligonnès : le shérif à sa recherche s'explique｜TF1 INFO,TF1 INFO / LCI,,2026-03-27,,,fr,2026-10-01,True,repéré par Codex (youtube_apports_codex.json)
video,https://www.youtube.com/watch?v=P6WaBUTONCg,Xavier Dupont de Ligonnès Caché dans le désert du Texas ?,franceinfo,,2026-03-27,,,fr,2026-10-01,True,repéré par Codex (youtube_apports_codex.json)
video,https://www.youtube.com/watch?v=tv5Hr2B-uOQ,XAVIER DUPONT DE LIGONNÈS : EN FUITE AU TEXAS,OMERTA,,2026-03-27,49 min 06 s,,fr,2026-10-01,True,repéré par Codex (youtube_pistes_2024_2026_codex.json)
video,https://www.youtube.com/watch?v=LdeLZ0D-K30,Un shérif du Texas lance un appel à témoins pour retrouver Xavier Dupont de Ligonnès,BFMTV,,2026-03-26,0 min 50 s,,fr,2026-10-01,True,repéré par Codex (youtube_pistes_2024_2026_codex.json)
video,https://www.youtube.com/watch?v=sQ1RZOyHGjU,Affaire Dupont de Ligonnès : un appel à témoins lancé par un shérif aux États-Unis,FRANCE 24,,2026-03-26,1 min 34 s,,fr,2026-10-01,True,repéré par Codex (youtube_pistes_2024_2026_codex.json)
video,https://www.youtube.com/watch?v=v-pQnWvAW3A,Xavier Dupont de Ligonnès : le bureau d'un shérif au Texas lance un appel à témoins,RTL,,2026-03-25,1 min 32 s,,fr,2026-10-01,True,repéré par Codex (youtube_pistes_2024_2026_codex.json)
video,https://www.youtube.com/watch?v=z1vSUg8RN6I,Xavier Dupont de Ligonnès : la piste américaine relance l’affaire - Le Zoom - Gilles Galloux - TVL,Chaîne officielle TVL,,2026-03-16,27 min 03 s,,fr,2026-10-01,True,repéré par Codex (youtube_pistes_2024_2026_codex.json)
video,https://www.youtube.com/watch?v=60V28P7uJs4,"Xavier Dupont De Ligonnès - Un Flic au Coeur de L'Enquête, Gilles Galloux",Max Milo Éditions,,2026-02-21,73 min 43 s,,fr,2026-10-01,True,repéré par Codex (youtube_pistes_2024_2026_codex.json)
video,https://www.youtube.com/watch?v=XqVehaIMJiY,Un ancien enquêteur est persuadé que Xavier Dupont de Ligonnès est vivant,M6 Info,,2026-02-21,2 min 04 s,,fr,2026-10-01,True,repéré par Codex (youtube_pistes_2024_2026_codex.json)
video,https://www.youtube.com/watch?v=C4SDWURJwb4,"XAVIER DUPONT DE LIGONNÈS, l'homme qui a horrifié la France (#HVF)",McSkyz,,2025-06-20,,,fr,2026-10-01,True,repéré par Codex (youtube_apports_codex.json)
video,https://www.youtube.com/watch?v=tDyt2YemsKY,Comment Xavier Dupont de Ligonnès nous manipule encore ?,Sud Radio,,2025-06-07,39 min 40 s,,fr,2026-10-01,True,repéré par Codex (youtube_pistes_2024_2026_codex.json)
video,https://www.youtube.com/watch?v=Z_05q0JCF38,Qui était vraiment Xavier Dupont de Ligonnès ?: décryptage par un psychiatre,Le Figaro,,2025-06-03,12 min 27 s,,fr,2026-10-01,True,repéré par Codex (youtube_pistes_2024_2026_codex.json)
video,https://www.youtube.com/watch?v=lSs4bTW84vg,Dans la tête de Xavier Dupont de Ligonnès : le livre choc du psychiatre Daniel Zagury,France 3 Pays de la Loire,,2025-05-08,5 min 57 s,,fr,2026-10-01,True,repéré par Codex (youtube_pistes_2024_2026_codex.json)
video,https://www.youtube.com/watch?v=7NV_3_4D0vk,"Daniel Zagury : ""Selon toute probabilité, Xavier Dupont de Ligonnès s'est suicidé",RTL,,2025-05-06,9 min 49 s,,fr,2026-10-01,True,repéré par Codex (youtube_pistes_2024_2026_codex.json)
video,https://www.youtube.com/watch?v=N0nGFC72Igc,Sur les traces de Xavier Dupont de Ligonnès - Reportage #cdanslair 06.04.2024,C dans l'air - France Télévisions,,2024-04-07,8 min 28 s,,fr,2026-10-01,True,repéré par Codex (youtube_pistes_2024_2026_codex.json)
video,https://www.youtube.com/watch?v=CYnNgEJ9mws,Xavier Dupont de Ligonnès : 13 ans de mystère - C à vous - 20/03/2024,C à vous - France Télévisions,,2024-03-20,51 min 29 s,,fr,2026-10-01,True,repéré par Codex (youtube_pistes_2024_2026_codex.json)
video,https://www.youtube.com/watch?v=AdWNNlJdohc,"""Xavier Dupont de Ligonnès: le mystère"": l’édition spéciale de BFMTV en intégralité",BFMTV,,2024-03-18,,,fr,2026-10-01,True,repéré par Codex (youtube_apports_codex.json)
video,https://www.youtube.com/watch?v=4MQ4_oEbXOo,Xavier Dupont de Ligonnès : dans la tête du suspect,Canal Crime,,2022-04-26,,,fr,2026-10-01,True,repéré par Codex (youtube_apports_codex.json)
