id,titre,url,auteur_organisme,media,date_publication,date_faits,date_consultation,acces,type,origine,assertions_etayees,incertitude_max,themes,notes
S001,"Affaire Xavier Dupont de Ligonnès : « Il n'a pas préparé tout ça pour mourir », [titre exact à vérifier] Bruno de Stabenrath, ami du fugitif",https://www.20minutes.fr/justice/3012459-20210402-affaire-xavier-dupont-ligonnes-prepare-tout-ca-mourir-convaincu-bruno-stabenrath-ami-fugitif,20 Minutes (auteur non vu),20 Minutes,2021-04-02,1977-2021,2026-09-30,inaccessible,media_national,propre,A039,moyenne,bio_jeunesse,"Point de départ 1. WebFetch refusé pour ce domaine et moteur refusant le domaine. Titre reconstitué d'après le slug de l'URL et d'une reprise (Sputnik Afrique, S-bio_jeunesse-04) ; contenu non lu."
S002,"Xavier Dupont de Ligonnès, portraits en famille",https://www.lemonde.fr/societe/article/2011/07/27/xavier-dupont-de-ligonnes-portraits-en-famille_1540118_3224.html,Claire Ané,Le Monde,"2011-07-27 (actualisé ensuite, date de mise à jour non vue)",1961-2011,2026-09-30,inaccessible,media_national,propre,,,bio_jeunesse,Point de départ 2. Domaine refusé par WebFetch et par le moteur de recherche. Aucun contenu exploité. Priorité de relecture n°1.
S003,Affaire Dupont de Ligonnès : son ami d'enfance Bruno de Stabenrath se confie,https://france3-regions.franceinfo.fr/pays-de-la-loire/loire-atlantique/nantes/affaire-dupont-de-ligonnes-son-ami-d-enfance-se-confie-2025805.html,France 3 Pays de la Loire (auteur non vu),France 3 Régions / franceinfo,2021 (probablement début avril 2021),1977-2021,2026-09-30,extrait_moteur,media_regional,propre,A024; A025,moyenne,bio_jeunesse,"Fetch bloqué (EGRESS_BLOCKED). Extrait : rencontre en 1977 à Versailles, forte amitié pendant une vingtaine d'années, jeunesse versaillaise (bande d'amis, petites amies, musique, voitures)."
S004,Un ami de Dupont de Ligonnès pense que le fugitif est en vie et indique un possible lieu de cavale,https://fr.sputniknews.africa/20210402/un-ami-de-dupont-de-ligonnes-pense-que-le-fugitif-est-en-vie-et-indique-un-possible-lieu-de-cavale--1045429656.html,Sputnik Afrique,Sputnik Afrique,2021-04-02,2021,2026-09-30,extrait_moteur,media_etranger,reprise:20 Minutes,A039,moyenne,bio_jeunesse,"Média d'État russe, fiabilité faible ; utile seulement pour reconstituer le contenu de l'interview 20 Minutes (S-bio_jeunesse-01) : Stabenrath estime que Xavier « n'a pas préparé tout ça pour mourir », évoque l'Australie et une fin de cavale d'ici cinq ans. Formulations issues d'un résumé moteur en anglais."
S005,"Xavier Dupont de Ligonnès : « J'ai la conviction intime qu'il est vivant et qu'il se cache quelque part », confie un de ses amis d'enfance",https://www.franceinfo.fr/faits-divers/xavier-dupont-de-ligonnes/xavier-dupont-de-ligonnes-j-ai-la-conviction-intime-qu-il-est-vivant-et-quil-se-cache-quelque-part-confie-un-de-ses-amis-d-enfance_4380921.html,franceinfo (auteur non vu),franceinfo,2021-04 (probablement 2021-04-21),2021,2026-09-30,extrait_moteur,media_national,propre,A021; A038; A039,forte,bio_jeunesse,"Titre en français fiable. Extrait : Stabenrath juge que si Xavier était mort, son corps aurait été retrouvé ; il voit dans l'éducation religieuse reçue la « genèse du mal » (formulation rapportée, à vérifier)."
S006,"Un ami d'enfance de Xavier Dupont de Ligonnès témoigne : « Je savais qu'il était vivant, j'en étais sûr »",https://www.europe1.fr/societe/un-ami-denfance-de-xavier-dupont-de-ligonnes-temoigne-je-savais-quil-etait-vivant-jen-etais-sur-3924937,Europe 1,Europe 1,2019-10-11/12,2019-10-11,2026-09-30,extrait_moteur,media_national,propre,A024; A039,moyenne,bio_jeunesse,"Réaction de Stabenrath à l'arrestation de Glasgow (homme arrêté par erreur, non-identité confirmée par ADN). Extrait : Stabenrath dit avoir connu Xavier au collège en 1976 (divergence avec 1977)."
S007,Xavier Dupont de Ligonnès : son meilleur ami est « convaincu qu'il est toujours en vie »,https://www.lejdd.fr/Societe/xavier-dupont-de-ligonnes-son-meilleur-ami-est-convaincu-quil-est-toujours-en-vie-171480,Le Journal du dimanche (auteur non vu),Le JDD,2026-04 (autour du 15e anniversaire),1977-2026,2026-09-30,extrait_moteur,media_national,propre,A008; A009; A023; A025; A040,forte,bio_jeunesse,"Fetch bloqué. Extraits : rencontre au collège-lycée Saint-Exupéry de Versailles à 16 ans ; passions communes (livres, Amérique, musique) ; rejet de la thèse du suicide ; description du père (bel homme, chaleureux, aventurier) et de liens père-fils restés assez proches — attribution exacte de ces descriptions non visible."
S008,"« J'ai la conviction que Xavier Dupont de Ligonnès est vivant », lance son ami Bruno de Stabenrath",https://www.cnews.fr/videos/france/2026-04-20/jai-la-conviction-que-xavier-dupont-de-ligonnes-est-vivant-lance-son-ami,CNews,CNews,2026-04-20,2026,2026-09-30,extrait_moteur,media_national,propre,A023; A025; A040,forte,bio_jeunesse,"Vidéo. Extrait : rencontre au collège-lycée Saint-Exupéry à 16 ans ; conviction d'une survie, très probablement aux États-Unis ; piste San Francisco."
S009,L'ami impossible. Une jeunesse avec Xavier Dupont de Ligonnès (fiche éditeur),https://www.gallimard.fr/catalogue/l-ami-impossible/9782072866531,Bruno de Stabenrath / Gallimard,Gallimard (collection Blanche) ; réédition Folio 2022,2020-10-15,1977-2020,2026-09-30,extrait_moteur,livre,propre,A023; A024; A037,moyenne,bio_jeunesse,"Fetch bloqué. Quatrième de couverture (via extraits Livres Hebdo, Mollat, etc.) : Stabenrath connaît Xavier depuis 1977, amitié née « sur les bancs d'un lycée de Versailles », portrait « intime » de la jeunesse puis de la vie familiale. Réédition Folio (ISBN 9782072964626) datée du 2022-06-02 selon un extrait."
S010,L'ami impossible : une amitié lourde à porter,https://www.lapresse.ca/arts/litterature/2020-12-13/notre-choix/l-ami-impossible-une-amitie-lourde-a-porter.php,"La Presse (critique, auteur non vu)",La Presse (Montréal),2020-12-13,1977-2020,2026-09-30,extrait_moteur,media_etranger,propre,A024; A037,moyenne,bio_jeunesse,"Extrait : amitié nouée vers 16 ans, poursuivie à l'âge adulte avec de longs silences ; le récit mêle souvenirs, faits et une part de fiction (Stabenrath imagine des scènes entières) ; 528 pages. Important pour la critique de source du livre."
S011,Critique de L'ami impossible (Le Monde des livres),https://www.babelio.com/livres/Stabenrath-Lami-impossible/1421795,Signée R.L. (selon citation tierce),Le Monde des livres (cité sur Babelio),2020-10-16,1977-2020,2026-09-30,extrait_moteur,media_national,propre,A025; A037,moyenne,bio_jeunesse,"Connue uniquement par citation sur un site tiers (Babelio). Selon l'extrait, Stabenrath y raconte surtout sa propre vie (débuts d'acteur, histoires de filles, accident l'ayant privé de l'usage de ses jambes), Xavier apparaissant par intermittence ; les deux se donnent du « vieux frère »."
S012,"Xavier Dupont de Ligonnès, cet ami impossible",https://laregledujeu.org/2021/02/17/36851/xavier-dupont-de-ligonnes-cet-ami-impossible/,Christine Bini,La Règle du jeu (revue),2021-02-17,1977-2020,2026-09-30,extrait_moteur,autre,propre,A025,moyenne,bio_jeunesse,"Critique du livre. Extrait : adolescence versaillaise « classique » partagée (bande d'amis, petites amies, musique, voitures). La même revue a publié en 2013 une « lettre à un ami d'enfance » de Stabenrath (non lue)."
S013,Découvrez l'incroyable amitié entre Bruno de Stabenrath et les enfants de Xavier Dupont de Ligonnès,https://alcuinfonds.be/blog/bruno-de-stabenrath-enfants/,Fonds Alcuin (blog),alcuinfonds.be,inconnue,1977,2026-09-30,extrait_moteur,autre,propre,A022; A023; A025; A026; A037,forte,bio_jeunesse,"Site de fiabilité inconnue, sans auteur identifié. Seule source (avec un extrait non attribué) situant la rencontre au lycée Saint-Thomas-d'Aquin ; mentionne Bruno fils d'un officier récemment muté, Xavier portant des Ray-Ban, passion commune pour la musique et les voitures américaines. Ne pas utiliser seul."
S014,Le passé trouble de Xavier Dupont de Ligonnès,https://www.letemps.ch/monde/passe-trouble-xavier-dupont-ligonnes,"Le Temps (auteur non vu ; origine AFP possible, non vérifiée)",Le Temps (Genève),2011 (probablement fin avril 2011),1961-2011,2026-09-30,extrait_moteur,media_etranger,propre,A027,forte,bio_jeunesse,"Fetch bloqué. Extrait : « assez bon élève », bac obtenu avec un an d'avance, études supérieures erratiques (école de commerce puis faculté de droit d'Assas) avant l'entrée dans la vie active. Seule source trouvée pour ces points."
S015,Xavier Dupont de Ligonnès : une personnalité et une affaire hors du commun (1/3),https://www.police-scientifique.com/xavier-dupont-de-ligonnes/,police-scientifique.com (site de vulgarisation),police-scientifique.com,inconnue,1961-2011,2026-09-30,extrait_moteur,autre,propre,A027; A031; A032; A033,forte,bio_jeunesse,"Compilation secondaire. Extraits : pas de vraies études supérieures ; idées pour gagner vite de l'argent (import d'objets en bois de Tunisie, de voitures américaines) sans succès ; activité professionnelle floue, qualifié de « commercial » selon une source proche de l'enquête ; fiançailles en 1982 et départ temporaire pour travailler dans le sud de la France."
S016,Dupont de Ligonnès : une vieille famille française dans le deuil,https://www.lejdd.fr/societe/dupont-de-ligonnes-une-vieille-famille-francaise-dans-le-deuil-92866,Le JDD (auteur non vu),Le JDD,2011-04-30 (mis à jour en 2023 selon l'extrait),1961-2011,2026-09-30,extrait_moteur,media_national,propre,A004; A005; A007; A008; A009; A023,forte,bio_jeunesse,Extraits : vieille lignée noble comptant officiers et ecclésiastiques ; enfance dans un appartement de la rue du Maréchal-Foch à Versailles avec ses deux sœurs Véronique et Christine ; lycée privé Saint-Exupéry ; père parti vers les dix ans de Xavier (attribution à cet article probable mais non certaine).
S017,Ligonnès : la « messagère de Dieu »,https://www.lejdd.fr/societe/ligonnes-la-messagere-de-dieu-54342,Le JDD (auteur non vu),Le JDD,"2011 (printemps, date exacte non vue)",1979-2011,2026-09-30,extrait_moteur,media_national,propre,A014; A015; A016; A017; A018,forte,bio_jeunesse,"Extraits : Geneviève dit recevoir depuis des années des messages de Dieu, recopiés dans des cahiers et distribués sous pochettes plastique ; un chanoine (nommé par le JDD, orthographe à vérifier) aurait rapporté en 1979 un miracle (statue du Christ pleurant du sang) et validé ses messages ; après sa mort en 1987, elle aurait poursuivi seule ; l'Unadfi aurait eu connaissance du groupe en 1995."
S018,"Xavier Dupont de Ligonnès, 15 ans après : « Philadelphie », la secte dans l'ombre",https://www.lejdd.fr/Societe/xavier-dupont-de-ligonnes-15-ans-deja-philadelphie-la-secte-dans-lombre-172242,Le JDD (série en cinq volets),Le JDD,2026-04,1970-2026,2026-09-30,extrait_moteur,media_national,propre,A011; A015; A020,moyenne,bio_jeunesse,"Extraits : groupe fondé dans les années 1970 ; Xavier enfant de chœur, pratiquant assidu ; cite une autodescription en ligne de Xavier (enfant de chœur, Mouvement de la jeunesse catholique de France, chapelet et prières quotidiennes, petit groupe réuni autour d'une « messagère »). Citation connue via résumé anglais : texte français exact à relire."
S019,L'étrange groupe de prière de Madame de Ligonnès,https://france3-regions.franceinfo.fr/pays-de-la-loire/info/l-etrange-groupe-de-priere-de-madame-de-ligonnes-19279.html,France 3 Pays de la Loire,France 3 Régions,"2011 (printemps, date exacte non vue)",1960-2011,2026-09-30,extrait_moteur,media_regional,propre,A003; A011; A012; A014; A015; A017; A018,forte,bio_jeunesse,"Extraits : enquêteurs ayant entendu un proche du groupe ; Geneviève, 80 ans alors, surnommée « Violette » (chaque membre porte un nom de fleur) ; lettre de 19 pages d'une ex-membre à une association anti-sectes de Rennes en 1995 ; « victoire de l'ennemi » annoncée pour 1962, 1995 et 1999 avec rassemblements en Bretagne ; selon la Miviludes, groupe de prière fermé initié en 1960 avec « risques de dérives sectaires »."
S020,La mère de Ligonnès avait un groupe sectaire,https://www.europe1.fr/faits-divers/La-mere-de-Ligonnes-avait-un-groupe-sectaire-564186,Europe 1,Europe 1,2011,1960-2011,2026-09-30,extrait_moteur,media_national,propre,A011; A012,moyenne,bio_jeunesse,"Rapporte la position de Georges Fenech, président de la Miviludes : groupe de prière fermé initié par Geneviève en 1960, appelé « Philadelphie » (distinct du mouvement dit « Église de Philadelphie »), avec risques de dérives sectaires."
S021,Xavier Dupont de Ligonnès et les sectes,https://www.europe1.fr/societe/Xavier-Dupont-de-Ligonnes-et-les-sectes-316218,Europe 1,Europe 1,2011,1960-2011,2026-09-30,extrait_moteur,media_national,propre,A011; A012; A013; A017,moyenne,bio_jeunesse,"Georges Fenech (Miviludes) sur Europe 1 : groupe non qualifié officiellement de secte ; enfant, Xavier aurait « très certainement » baigné dans une atmosphère mystique fervente et probablement anxiogène (interprétation de Fenech) ; pratiques signalées : isolement, enfants retirés de l'école, discours apocalyptique ; le groupe existerait encore (2011)."
S022,"Geneviève, la très énigmatique mère de Xavier Dupont de Ligonnès",https://www.cnews.fr/france/2019-10-12/genevieve-la-tres-enigmatique-mere-de-xavier-dupont-de-ligonnes-888134,CNews,CNews,2019-10-12,1960-2019,2026-09-30,extrait_moteur,media_national,propre,A011; A014; A019,forte,bio_jeunesse,"Fetch bloqué. Extraits (attribution à cet article probable, non certaine, un résumé moteur mêlant plusieurs sources) : groupe fondé en 1960 entre Versailles et le nord de la Bretagne ; surnom « Violette » selon un membre entendu en 2011 ; Geneviève a nié toute secte ou tout groupe de prière et dit tenir grâce à sa foi."
S023,La secte familiale des Ligonnès,https://www.unadfi.org/actualites/groupes-et-mouvances/la-secte-familiale-des-ligonnes/,Unadfi,unadfi.org,inconnue,1970-2020,2026-09-30,extrait_moteur,autre,propre,A011; A015; A017,moyenne,bio_jeunesse,"Association anti-sectes (partie prenante, non neutre). Extraits : groupe fondé dans les années 1970, recueil de messages publié en 1973, écriture automatique, signalement en 1995 à l'ADFI de Rennes par un prêtre (non nommé ici) ; règles imposées (déscolarisation de certains enfants, régimes, pas de bijoux, contributions financières, séparation de couples)."
S024,Philadelphie. La secte des Dupont de Ligonnès,https://www.babelio.com/livres/Blandre-Philadelphie-la-secte-des-Dupont-de-Ligonnes/1871565,"Bernard Blandre (AEIMR, Sarreguemines)",Éditions de l'AEIMR,2021-05-05,1970-2011,2026-09-30,extrait_moteur,livre,propre,,,bio_jeunesse,Livre non consulté ; fiche catalogue seulement : secte créée « dans les années 1970 » par Geneviève.
S025,Ce groupe de prière dont la sœur de Xavier Dupont de Ligonnès serait à la tête,https://www.slate.fr/story/266148/le-jardin-philadelphie-groupe-priere-derives-sectaires-christine-soeur-xavier-dupont-de-ligonnes-livre-frere-innocent-xddl,Slate.fr,Slate.fr,"2024 (probable, contexte du livre de Christine)",1970-2024,2026-09-30,extrait_moteur,media_national,propre,A014; A041,moyenne,bio_jeunesse,"Extraits : groupe « Le Jardin » / « Philadelphie » créé par Geneviève, dite « Violette », présentée comme seule à recevoir des messages divins ; enquête pour abus de faiblesse classée sans suite début 2023."
S026,Affaire Dupont de Ligonnès : l'enquête pour « abus de faiblesse » visant des proches du disparu classée sans suite,https://www.franceinfo.fr/faits-divers/xavier-dupont-de-ligonnes/affaire-dupont-de-ligonnes-l-enquete-pour-abus-de-faiblesse-visant-des-proches-du-disparu-classee-sans-suite_5578809.html,"franceinfo (origine AFP probable, non vérifiée)",franceinfo,2023-01-03/04,2019-2023,2026-09-30,extrait_moteur,media_national,propre,A041,moyenne,bio_jeunesse,Annonce du parquet de Versailles (3 janvier 2023) : classement sans suite pour « infraction insuffisamment caractérisée » de l'enquête ouverte fin 2019 visant Geneviève et Christine Dupont de Ligonnès (soupçons d'emprise sur un couple âgé de l'est de la France). Enquête confiée à l'OCRVP et à la DRPJ de Versailles.
S027,Xavier Dupont de Ligonnès : une enquête visant des proches classée sans suite,https://www.cnews.fr/france/2023-01-04/xavier-dupont-de-ligonnes-une-enquete-visant-des-proches-classee-sans-suite,"CNews (origine AFP probable, non vérifiée)",CNews,2023-01-04,2019-2023,2026-09-30,extrait_moteur,media_national,propre,A041,moyenne,bio_jeunesse,Même information que S-bio_jeunesse-26 ; à compter comme une seule source si l'origine AFP est confirmée.
S028,Xavier Dupont de Ligonnès : le groupe de prières créé par sa mère dans le viseur des autorités,https://www.cnews.fr/france/2020-10-11/xavier-dupont-de-ligonnes-le-groupe-de-prieres-cree-par-sa-mere-dans-le-viseur-des,CNews,CNews,2020-10-11,1970-2020,2026-09-30,extrait_moteur,media_national,propre,A041,moyenne,bio_jeunesse,Extraits : groupe fondé dans les années 1970 ; la ministre Marlène Schiappa veut « mieux comprendre » son fonctionnement ; enquête contre X pour abus de faiblesse ouverte « en janvier » (2020) par le parquet de Versailles (divergence avec « fin 2019 »).
S029,Qui est vraiment Xavier de Ligonnès ?,https://www.europe1.fr/faits-divers/Qui-est-vraiment-Xavier-de-Ligonnes-313962,Fabienne Cosnay,Europe 1,2011-04-25,1961-2011,2026-09-30,extrait_moteur,media_national,propre,A001; A005,moyenne,bio_jeunesse,"Extraits : natif de Versailles, catholique pratiquant issu d'une famille aristocratique ; installé à Nantes en 2003 ; double vie et dettes (hors période)."
S030,Affaire Dupont de Ligonnès (Wikipédia),https://fr.wikipedia.org/wiki/Affaire_Dupont_de_Ligonn%C3%A8s,Wikipédia (contributeurs),Wikipédia FR,"consultée via moteur, version non datée",1961-2026,2026-09-30,extrait_moteur,autre,propre,A001; A004; A007; A010,forte,bio_jeunesse,Fetch bloqué. Encyclopédie collaborative : à utiliser uniquement pour repérer les sources primaires citées. Extraits : naissance 9 janvier 1961 à Versailles ; rue du Maréchal-Foch ; lycée Saint-Exupéry ; père ingénieur ; groupe fondé en 1960 entre Versailles et le nord de la Bretagne.
S031,Dupont de Ligonnès murders and disappearance (Wikipedia),https://en.wikipedia.org/wiki/Dupont_de_Ligonn%C3%A8s_murders_and_disappearance,Wikipedia (contributeurs),Wikipedia EN,version non datée,1961-2026,2026-09-30,extrait_moteur,autre,propre,A001; A002; A003; A006; A008; A031,forte,bio_jeunesse,"Fetch bloqué. Extraits : Xavier Pierre Marie, né le 9 janvier 1961 à Versailles ; père Bernard-Hubert (7 novembre 1931 – 20 janvier 2011), ingénieur ENSMA Poitiers ; mère Geneviève Thérèse Maître ; ascendance Lamartine ; père parti vers les 10 ans de Xavier, confié à sa grand-mère (point isolé) ; voyage sur la Route 66 après une rupture avec Agnès."
S032,Xavier Dupont de Ligonnès : le suspect le plus recherché de France et sa passion pour les voitures américaines,https://www.caradisiac.com/xavier-dupont-de-ligonnes-le-suspect-le-plus-recherche-de-france-et-sa-passion-pour-les-voitures-americaines-211929.htm,Caradisiac,Caradisiac,inconnue (probablement 2024-2026),1979-1990,2026-09-30,extrait_moteur,autre,propre,A029; A034,forte,bio_jeunesse,"Site automobile. Extraits : vers 18 ans, Xavier reçoit les clés de la Triumph Spitfire décapotable de son père et rêve d'Amérique ; en 1990, 18 mois aux États-Unis avec un ami sur la Route 66 (Ford LTD break) ; amateur de country ; goût pour le Ford Bronco et les Beach Boys. Source de seconde main, à recouper."
S033,Investigator traces French murder suspect to Alpine,https://bigbendsentinel.com/2026/04/01/investigator-traces-french-murder-suspect-to-alpine/,Big Bend Sentinel (auteur non vu),"Big Bend Sentinel (Marfa, Texas)",2026-04-01,1990 ; 2020 ; 2026,2026-09-30,extrait_moteur,media_etranger,propre,A035,moyenne,bio_jeunesse,"Fetch bloqué. Extraits : l'ex-policier Gilles Galloux a obtenu via un groupe Facebook des photos de 1990 montrant Xavier à Alpine et Fort Davis (Texas) avec des amies et un ami français ; il aurait séjourné dans un ranch ; le shérif du comté de Brewster, Ronny Dodson, a été rencontré. Les personnes photographiées ne sont pas nommées ici."
S034,Xavier Dupont de Ligonnès : son ami [prénom] convaincu « qu'il n'est pas resté en France »,https://www.europe1.fr/societe/xavier-dupont-de-ligonnes-son-ami-michel-convaincu-quil-nest-pas-reste-en-france-3551918,Europe 1,Europe 1,"2018 (probable, d'après l'identifiant)",années 1980-1990,2026-09-30,extrait_moteur,media_national,propre,A034; A036,forte,bio_jeunesse,"Témoignage d'un ami de trente ans (particulier, non nommé ici) : voyage d'un an et demi à travers 48 États américains quand ils étaient « jeunes et célibataires » ; Xavier parlerait plusieurs langues couramment sans accent. Date du voyage non visible dans l'extrait."
S035,Ligonnès aux États-Unis — par Bruno de Stabenrath,https://podcaststory.com/ligonnes-aux-etats-unis/,Bruno de Stabenrath,Podcast Story,inconnue,années 1980-2026,2026-09-30,extrait_moteur,temoignage_direct,propre,A034; A040,forte,bio_jeunesse,"Récit audio de Stabenrath. Extraits : pendant que Stabenrath débutait comme acteur, Xavier enchaînait des séjours aux États-Unis de un à six mois, jusqu'à traverser 48 États ; Stabenrath le croit aux États-Unis. Même plateforme : épisode « Je suis sûr que Xavier Dupont de Ligonnès est vivant »."
S036,"Xavier Dupont de Ligonnès : secte, fuite aux USA, cavale… les révélations de son meilleur ami (LEGEND)",https://shows.acast.com/legend-1/episodes/xavier-dupont-de-ligonnes-secte-fuite-aux-usa-cavale-les-rev,Guillaume Pley (animateur) / Bruno de Stabenrath (invité),LEGEND (podcast vidéo),2026-04-14,1977-2026,2026-09-30,extrait_moteur,documentaire,propre,A040,forte,bio_jeunesse,"37 min. Extraits : souvenirs, rôle de la « secte », conviction d'une survie aux États-Unis ; une connaissance aurait croisé Xavier à Chinatown (San Francisco) en 2015 (témoignage de seconde main, invérifié)."
S037,Bruno de Stabenrath : « Xavier Dupont de Ligonnès a commis un meurtre familial altruiste »,https://www.6boolo.com/2021/03/08/bruno-de-stabenrath-xavier-dupont-de-ligonnes-a-commis-un-meurtre-familial-altruiste/,6boolo (site),6boolo.com,2021-03-08,1977-2021,2026-09-30,extrait_moteur,autre,propre,A021; A022; A038,forte,bio_jeunesse,"Site secondaire (entretien ou reprise, à déterminer). Extraits attribués à Stabenrath : retour à « la genèse du mal » ; mère recevant des « Messages d'Amour et de Miséricorde » ; organigramme post-apocalyptique où Xavier serait n°3, « l'Élu » ; au début des années 1990 Stabenrath découvre que Xavier fréquente Philadelphie ; prophétie du 30 juin 1995 non réalisée ; Xavier aurait compris que sa mère était une « mythomane mystique »."
S038,Les révélations d'un ami sur la possible vie de Xavier Dupont de Ligonnès aux États-Unis,https://www.actuistres.fr/faits-divers/11480,actuistres.fr,actuistres.fr,inconnue,années 1980-2026,2026-09-30,extrait_moteur,autre,reprise:propos de Bruno de Stabenrath,A034,moyenne,bio_jeunesse,"Site d'actualité locale de fiabilité inconnue. Extraits : série de séjours de un à six mois, 48 États ; une petite amie américaine (particulière, non nommée ici) vivant dans un ranch à Alpine (Texas), datée des années 1990 selon un extrait ; témoignages de proches disant l'avoir croisé à San Francisco."
S039,L'Ami impossible (roman graphique),https://www.glenat.com/glenat-bd/lami-impossible-9782344060322/,"Erik Arnoux, Francesco Trifogli, d'après Bruno de Stabenrath",Glénat,2026-10-28 (annoncée),1977-2011,2026-09-30,extrait_moteur,livre,propre,A024; A026,forte,bio_jeunesse,"296 pages. Présentation : rencontre en terminale à Versailles en 1977, rêves d'Amérique, de musique et de liberté ; Xavier qui « enjolive » la réalité. Parution postérieure à la date de consultation."
S040,"Xavier, mon frère, présumé innocent",https://books.apple.com/us/book/xavier-mon-fr%C3%A8re-pr%C3%A9sum%C3%A9-innocent/id6479146405,Christine Dupont de Ligonnès et Bertram de Verdun,HarperCollins France,2024-03-13,1961-2024,2026-09-30,extrait_moteur,livre,propre,A004; A042,moyenne,bio_jeunesse,"Livre non consulté. Selon les présentations, contre-enquête commençant par l'enfance de Xavier et soutenant la thèse d'une exfiltration aux États-Unis par des services de renseignement. Partie prenante (sœur)."
S041,Speculation Over Missing French Aristocrat and His Murdered Family Reignited by Sister's Conspiracist Book,https://www.conspiracywatch.info/en/speculation-over-missing-french-aristocrat-and-his-murdered-family-reignited-by-sisters-conspiracist-book/,Conspiracy Watch,Conspiracy Watch,2024 (probable),2024,2026-09-30,extrait_moteur,autre,propre,A004; A042,moyenne,bio_jeunesse,Analyse critique du livre de Christine Dupont de Ligonnès (thèse d'une mise en scène par un service étranger et d'une famille vivant sous protection aux États-Unis).
S042,"Xavier Dupont de Ligonnès : épouse, maîtresse… Les femmes qui étaient au cœur de sa vie / Le mystère Agnès Dupont de Ligonnès",https://www.planet.fr/xavier-dupont-de-ligonnes-le-mystere-agnes-dupont-de-ligonnes.2083622.814467.html,Planet.fr,Planet.fr,inconnue,1980-1991,2026-09-30,extrait_moteur,autre,propre,A030; A031; A032,forte,bio_jeunesse,"Site grand public, de seconde main. Extraits : fiançailles en 1982 ; départ temporaire pour travailler dans le sud de la France ; au milieu des années 1980, rupture pour une jeune Allemande rencontrée dans un camping en Corse (particulière, non nommée) ; retour vers Agnès puis mariage."
S043,Agnès Dupont de Ligonnès — wiki Affaire Dupont de Ligonnès,https://xddl.miraheze.org/wiki/Agn%C3%A8s_Dupont_de_Ligonn%C3%A8s,Wiki communautaire (Miraheze),xddl.miraheze.org,inconnue,1962-1991,2026-09-30,extrait_moteur,autre,propre,A030; A031,forte,bio_jeunesse,"Wiki amateur : orientation uniquement. Extraits : Agnès Hodanger née le 9 novembre 1962 à Neuilly-sur-Seine ; rencontre de Xavier à Versailles au début des années 1980, à 17 ans ; fiançailles rompues au milieu des années 1980 ; mariage le 9 novembre 1991."
S044,Family tree of Xavier Dupont de Ligonnès (Geneastar) / fiche Geneanet wikifrat,https://en.geneastar.org/genealogy/dupontdeligx/xavier-dupont-de-ligonnes,Geneastar / Geneanet,Geneastar,inconnue,1797-1961,2026-09-30,extrait_moteur,autre,propre,A001; A002; A003; A005; A006,moyenne,bio_jeunesse,"Généalogie collaborative. Extraits : parents Bernard-Hubert Dupont de Ligonnès et Geneviève Thérèse Maître (née en 1930 selon une fiche) ; ascendant Édouard du Pont de Ligonnès (1797-1877) époux de Sophie de Lamartine, sœur du poète ; un fils, Charles, évêque de Rodez."
S045,"15 ans de l'affaire Dupont de Ligonnès : quel âge aurait aujourd'hui Xavier, le père de famille suspecté du quintuple meurtre ?",https://www.cnews.fr/faits-divers/2026-04-21/15-ans-de-laffaire-dupont-de-ligonnes-quel-age-aurait-aujourdhui-xavier-le,CNews,CNews,2026-04-21,1961-2026,2026-09-30,extrait_moteur,media_national,propre,A001; A008,moyenne,bio_jeunesse,"Un résumé moteur mêlant cet article et d'autres indique un père infidèle et distant parti définitivement quand Xavier avait onze ans, et un groupe fondé « dans les années 1960 ». Attribution à cet article incertaine."
S046,Xavier Dupont de Ligonnès: New claims suggest fugitive fled to US after family murders,https://www.connexionfrance.com/news/murder-suspect-thought-dead-fled-to-us-from-nice-claims-former-investigator/771773,The Connexion,"The Connexion (France, anglophone)",2026,années 1990 ; 2026,2026-09-30,extrait_moteur,media_etranger,propre,A035,moyenne,bio_jeunesse,"Extraits : l'ex-policier Gilles Galloux soutient dans un livre (2026) que Xavier a fui aux États-Unis ; Xavier aurait fait plusieurs séjours à Alpine avant 2011 et y avait des contacts. Attention : un extrait associé affirme à tort que Xavier a été arrêté à Glasgow (erreur de 2019, homme arrêté par méprise)."
S047,La tuerie de Nantes (2/3),https://www.police-scientifique.com/la-tuerie-de-nantes/,police-scientifique.com,police-scientifique.com,inconnue,1971-2011,2026-09-30,extrait_moteur,autre,propre,A002; A008,moyenne,bio_jeunesse,"Compilation secondaire. Extrait : le père, ingénieur « en physique nucléaire » d'une grande école parisienne, aurait connu des difficultés, serait parti en Afrique en laissant femme et enfants en région parisienne ; mort en janvier 2011, inhumé en Lozère."
S048,Xavier Dupont de Ligonnès : le fugitif pourrait avoir continué à poster des messages sur Internet pendant six ans,https://www.cnews.fr/france/2026-06-02/xavier-dupont-de-ligonnes-le-fugitif-pourrait-avoir-continue-poster-des-messages,CNews,CNews,2026-06-02,2009-2017,2026-09-30,extrait_moteur,media_national,reprise:Ouest-France,A020,moyenne,bio_jeunesse,"Extraits : les enquêteurs ont attribué à Xavier deux comptes (« Chevy » et « LIGO ») sur le forum cite-catholique.org en 2009-2010 ; Ouest-France avance, par stylométrie, qu'un compte « Epsilon » pourrait être le sien jusqu'en 2017 (hypothèse journalistique). Contexte des autodescriptions religieuses citées par le JDD."
S049,"Hondelatte raconte — Bruno de Stabenrath, playboy tétraplégique",https://www.europe1.fr/emissions/hondelatte-raconte/hondelatte-raconte-bruno-de-stabenrath-playboy-tetraplegique-05-06-2018-678294,Christophe Hondelatte,Europe 1,2018-06-05,années 1980-2018,2026-09-30,extrait_moteur,media_national,propre,A037,moyenne,bio_jeunesse,Titre seul exploité : portrait de Stabenrath lui-même (tétraplégie après un accident). Utile pour présenter le témoin.
S050,Reprises people/agrégateurs : « Xavier Dupont de Ligonnès en vie ? Un ami sort du silence » et articles apparentés,https://www.letribunaldunet.fr/faits-divers/xavier-dupont-de-ligonnes-en-vie-un-ami-sort-du-silence.html,Le Tribunal du Net ; officielles.fr ; portail.free.fr,sites agrégateurs,2026 (probable),1977-2026,2026-09-30,extrait_moteur,autre,reprise:propos de Bruno de Stabenrath (média d'origine non identifié),A026,forte,bio_jeunesse,"Fiabilité faible. Extrait : Stabenrath décrit un garçon « merveilleux », « charmant », « assez brillant », cultivé, passionné d'Amérique, d'Elvis et de voyages. Formulations issues d'un résumé en anglais : à retrouver dans l'interview d'origine."
S051,UPDATE: Brewster County sheriff seeking information on French murder suspect,https://www.firstalert7.com/2026/03/25/brewster-county-sheriff-needs-help-finding-man/,KWES / First Alert 7 (Texas),First Alert 7,2026-03-25,2020 ; 2026,2026-09-30,extrait_moteur,media_etranger,propre,A035,moyenne,bio_jeunesse,"Relaye l'appel à témoins du bureau du shérif du comté de Brewster (signalement d'une présence présumée en 2020 dans le sud du comté). Communiqué officiel du shérif non lu. Extrait associé (clutchjustice, fiabilité inconnue) : plusieurs séjours de Xavier dans la région d'Alpine avant 2011."
